Timestamp,Speed,RPM,Throttle,Brake,G_Lat,G_Lon,DriveStyle,Confidence
0.307415,3.32481e-05,900,0,0,0,0,0,0.660483
0.739518,3.32759e-05,900,0,0,0,0,0,0.661281
0.98629,3.23572e-05,900,0,0,0,0,0,0.661694
1.1438,3.28705e-05,900,0,0,0,0,0,0.662028
1.36077,3.65519e-05,900,0,0,0,0,0,0.662424
1.53847,3.20504e-05,900,0,0,0,0,0,0.66274
1.97495,3.19659e-05,900,0,0,0,0,0,0.663526
2.21249,3.19019e-05,900,0,0,0,0,0,0.663964
2.43642,3.36003e-05,900,0,0,0,0,0,0.66432
2.65988,3.25185e-05,900,0,0,0,0,0,0.664721
2.98877,3.26818e-05,900,0,0,0,0,0,0.665352
3.15784,3.27368e-05,900,0,0,0,0,0,0.665637
3.33922,3.30493e-05,900,0,0,0,0,0,0.665987
3.99815,3.28565e-05,900,0,0,0,0,0,0.667157
4.34077,3.27114e-05,900,0,0,0,0,0,0.667724
4.49197,3.20793e-05,900,0,0,0,0,0,0.66802
4.64543,3.28116e-05,900,0,0,0,0,0,0.668337
4.83366,3.242e-05,900,0,0,0,0,0,0.668506
5.06917,3.06723e-05,900,0,0,0,0,0,0.668765
5.24385,3.10892e-05,900,0,0,0,0,0,0.668956
5.7365,3.58593e-05,900,0,0,0,0,0,0.669424
5.95103,3.12095e-05,900,0,0,0,0,0,0.669673
6.10301,3.10955e-05,900,0,0,0,0,0,0.669834
6.26735,3.04746e-05,900,0,0,0,0,0,0.669999
6.42876,3.1021e-05,900,0,0,0,0,0,0.67017
6.55784,3.15568e-05,900,0,0,0,0,0,0.670312
6.71129,3.15049e-05,900,0,0,0,0,0,0.670455
6.88706,3.24954e-05,900,0,0,0,0,0,0.670628
7.03466,3.17654e-05,900,0,0,0,0,0,0.670789
7.17347,3.2419e-05,900,0,0,0,0,0,0.670949
7.32172,3.24364e-05,900,0,0,0,0,0,0.671081
7.54242,3.21191e-05,900,0,0,0,0,0,0.671329
7.97757,3.12824e-05,900,0,0,0,0,0,0.671771
8.36639,3.24965e-05,900,0,0,0,0,0,0.672138
8.59473,3.22546e-05,900,0,0,0,0,0,0.672405
8.74581,3.3141e-05,900,0,0,0,0,0,0.672567
8.95578,3.32912e-05,900,0,0,0,0,0,0.672774
9.14358,3.26019e-05,900,0,0,0,0,0,0.672948
9.29121,3.21643e-05,900,0,0,0,0,0,0.673105
9.52126,3.63927e-05,900,0,0,0,0,0,0.673343
9.71638,3.62396e-05,900,0,0,0,0,0,0.673535
10.0473,3.01297e-05,900,0,0,0,0,0,0.6739
10.1913,3.10017e-05,900,0,0,0,0,0,0.674024
10.3179,0.000296973,900,0,0,0,0,0,0.674151
10.446,0.00010383,900,0,0,0,0,0,0.674293
10.5607,8.48302e-06,900,0,0,0,0,0,0.674406
10.6811,8.15666e-06,900,0,0,0,0,0,0.674532
10.8069,0.00010396,900,0,0,0,0,0,0.674659
10.9195,0.000117876,900,0,0,0,0,0,0.674785
11.0528,1.67115e-05,900,0,0,0,0,0,0.674928
11.1675,0.000671368,900,0,0,0,0,0,0.675038
11.2849,1.01464e-05,900,0,0,0,0,0,0.675162
11.5259,0.000273138,900,0,0,0,0,0,0.675413
11.7133,3.44649e-05,4330,100,0,0,0,1,0.977146
11.8964,4.19978e-05,8689,100,0,0,0,1,0.988998
12.079,4.32974e-05,8947,100,0,0,0,1,0.989227
12.2223,4.12473e-05,9023,100,0,0,0,1,0.98929
12.3413,4.08903e-05,9049,100,0,0,0,1,0.989306
12.4561,3.85304e-05,8984,100,0,0,0,1,0.98924
12.5796,3.74477e-05,8692,43.6869,0,0,0,1,0.908837
12.6902,3.68101e-05,8100,0,0,0,0,1,0.586679
12.8126,3.84742e-05,7233,0,0,0,0,1,0.564566
12.9255,3.6818e-05,6470,0,0,0,0,1,0.530568
13.0495,0.0045693,6405,69.4444,0,1.88089e-05,0.000451147,1,0.945471
13.1805,0.30041,8519,100,0,0.00316777,0.00408706,1,0.988662
13.3031,1.32916,8778,100,0,0.00171086,0.00531942,1,0.98891
13.4242,3.34788,8217,100,0,-0.0224248,0.00331675,1,0.988622
13.6773,8.68656,8628,100,0,-0.0127727,-0.00119875,1,0.988772
13.857,12.0961,8371,100,0,-0.0138599,0.00524493,1,0.988381
14,14.3827,8657,100,0,-0.0106721,0.00488823,1,0.988518
14.1218,17.0723,8982,100,0,0.00475641,0.00186126,1,0.98846
14.2402,19.4892,8851,100,0,-0.00318647,0.00363304,1,0.98837
14.3495,21.5732,8521,100,0,-0.024549,0.0017486,1,0.988331
14.4781,23.9601,8310,100,0,-0.0346873,6.15055e-05,1,0.988192
14.6074,26.3588,8063,100,0,-0.012742,-0.00198438,1,0.987423
14.7236,28.8349,8323,100,0,0.0297882,-0.0318083,1,0.9869
14.8372,30.9574,7643,100,0,0.0512622,0.00234131,1,0.985351
14.9616,33.5598,5147,100,0,0.0698547,0.0105025,1,0.976231
15.089,35.669,4344,100,0,0.186092,-0.040781,1,0.973027
15.2011,37.5641,4531,100,0,0.324293,0.0301059,1,0.962487
15.3207,39.0172,3026,100,0,0.41329,-0.0291833,1,0.97842
15.4428,40.4321,3046,100,0,0.324742,-0.00209984,1,0.981025
15.6201,43.5673,3284,83.2525,0,0.0794474,0.027475,1,0.968514
15.8697,43.7001,3187,10.4192,0,0.269418,0.0361924,0,0.625799
16.0932,46.1829,3486,100,0,0.500118,0.00807502,1,0.96778
16.2868,48.0482,3684,82.0707,0,0.634241,-0.0330184,1,0.893244
16.4366,48.4864,3506,0,0,0.736743,-0.0842016,0,0.712748
16.5568,47.8252,3457,0,0,0.826439,0.0578624,0,0.758861
16.6638,47.0721,3405,0,0,0.726071,-0.159108,0,0.693599
16.7826,46.6111,3455,30.4596,0,0.865044,-0.0122544,0,0.64911
16.8963,46.8904,3606,67.4697,0,0.788792,-0.0543187,1,0.695701
17.02,47.5841,3631,75.3636,0,0.820043,0.0681345,1,0.724829
17.1327,48.2157,3644,72.9949,0,0.831149,-0.0680649,1,0.749497
17.2483,48.7081,3781,72.9949,0,0.743325,-0.0427053,1,0.772065
17.3653,49.5717,3759,76.5455,0,0.77003,-0.0294592,1,0.795037
17.6949,52.3571,4058,100,0,0.692378,0.00540182,1,0.945215
17.8517,53.9574,4030,100,0,0.759391,-0.0362825,1,0.942749
17.9949,55.2027,4244,100,0,0.616423,-0.195966,1,0.96031
18.1203,56.5459,4290,100,0,0.67307,0.104878,1,0.938293
18.2333,57.8555,4526,100,0,0.531139,-0.0695578,1,0.959013
18.3617,60.0195,4623,100,0,0.441485,0.152841,1,0.956838
18.4804,62.4239,4872,100,0,0.232449,-0.0400982,1,0.972373
18.6124,64.2856,4848,100,0,0.235229,-0.122481,1,0.974169
18.7305,66.8058,5169,100,0,0.0984523,0.152654,1,0.975223
18.8578,69.3578,5359,100,0,0.0854973,0.196265,1,0.975232
18.9891,72.1097,5542,100,0,0.000902852,0.114113,1,0.979226
19.1084,74.509,5875,100,0,-0.019058,-0.0318401,1,0.980583
19.2357,77.2063,6025,100,0,-0.11436,-0.0530966,1,0.982746
19.3582,79.659,6048,100,0,-0.178483,-0.263011,1,0.983557
19.665,85.2661,6639,100,0,-0.141002,-0.356487,1,0.977027
19.8746,87.7514,6780,100,0,-0.0822725,0.167465,1,0.975426
20.0049,90.8355,7034,100,0,0.108213,-0.0831167,1,0.965431
20.1441,92.8471,7251,100,0,0.369923,0.0194523,1,0.950625
20.2598,95.0942,7372,100,0,0.462637,0.155826,1,0.941805
20.3791,97.1916,7489,100,0,0.351511,-0.298519,1,0.919102
20.5144,99.4509,7749,100,0,0.544798,0.0839811,1,0.918576
20.647,100.858,7800,100,0,0.461666,-0.105173,1,0.902531
20.7771,102.691,7869,100,0,0.614394,0.0262669,1,0.888564
20.8925,104.017,8051,100,0,0.495827,-0.253743,1,0.839277
21.0121,105.252,6077,100,0,0.456748,-0.0227254,1,0.919927
21.145,107.08,5981,100,0,0.435194,-0.107911,1,0.912775
21.2715,108.688,5983,100,0,0.411473,0.149707,1,0.917142
21.4459,111.21,6264,100,0,0.110241,-0.29448,1,0.883696
21.7961,116.718,6439,100,0,-0.0407698,-0.235283,1,0.804837
21.9529,119.342,6474,100,0,-0.0322328,0.16442,1,0.858047
22.1083,121.838,6698,100,0,-0.100599,-0.0818981,1,0.718456
22.286,124.804,6803,100,0,-0.241575,0.228566,1,0.756953
22.4258,126.745,6861,100,0,-0.25893,0.372169,1,0.755822
22.5862,129.116,7247,100,0,-0.145735,-0.342116,2,0.713532
22.7454,131.562,7092,100,0,-0.217721,0.429422,1,0.617688
22.8845,133.957,7296,100,0,0.0112271,-0.0217643,2,0.775273
23.0142,135.469,7551,100,0,0.0883898,-0.239887,2,0.865231
23.1513,137.696,7508,100,0,0.236946,0.139706,2,0.835773
23.2973,139.612,7346,10.8232,0,0.207324,-0.297442,1,0.36103
23.4212,138.997,7250,0,0.387515,0.189728,0.212649,0,0.707847
23.6825,137.523,7186,0,0.233434,0.0288548,0.0177665,0,0.635135
23.9231,135.929,7068,0,1.25486,-0.0431829,-0.0895204,0,0.573059
24.0583,135.144,7075,0,0.000960635,-0.0682595,0.128323,0,0.67036
24.1956,134.451,7006,0,1.73329,-0.0360823,0.096943,0,0.681782
24.3352,133.286,6910,0,9.83802,-0.0534362,-0.145927,0,0.57425
24.4816,131.206,6815,0,19.7079,-0.0418573,0.224388,0,0.736801
24.6106,129.354,6687,0,19.7079,-0.0354964,-0.17784,0,0.602048
24.7397,127.191,6592,0,19.7079,-0.0439141,0.0442958,0,0.727243
24.862,125.223,6513,0,19.7079,-0.0642391,0.37184,0,0.742821
24.9812,123.68,6357,0,32.9322,-0.0362269,-0.154988,0,0.671326
25.1146,119.147,5578,0,100,-0.0115,-0.260464,0,0.626472
25.2449,115.716,4439,0,100,-0.0219165,0.00859265,0,0.73659
25.3613,109.868,5098,0,100,-0.0273777,0.469414,0,0.792673
25.6107,101.649,4748,0,100,0.093821,-0.0427018,0,0.682766
25.8301,93.9672,6372,0,100,0.303508,-0.0590075,0,0.730896
26.0061,90.4031,6533,0,0,0.721727,0.109295,0,0.817637
26.1458,89.5287,6419,0,0,0.646884,-0.0188245,0,0.789419
26.2768,88.4171,6353,0,0,0.877222,0.0491022,0,0.836111
26.3982,87.9092,6843,97.0657,0,0.72517,-0.0176038,1,0.92803
26.5224,89.3147,6902,100,0,0.44656,-0.41049,1,0.943239
26.6391,90.1325,6943,100,0,0.583329,-0.39188,1,0.932412
26.7796,90.8881,6969,100,0,0.989332,0.192072,1,0.881908
26.9083,92.6036,6987,100,0,0.762482,-0.0348706,1,0.920602
27.0398,93.9049,7286,100,0,0.701573,-0.0933846,1,0.919826
27.1584,95.5737,7320,100,0,0.765359,0.0716466,1,0.908808
27.2759,97.6343,7497,100,0,0.551544,0.0119479,1,0.921692
27.3968,99.5993,7740,100,0,0.423352,0.110457,1,0.92682
27.6761,105.626,8143,100,0,0.256018,0.0959584,1,0.906836
27.8608,109.112,6642,100,0,0.266045,-0.0513634,1,0.898812
27.9989,110.945,6111,100,0,0.605431,0.055292,1,0.877317
28.1311,112.98,6247,100,0,0.611871,-0.0796046,1,0.830407
28.2358,114.354,6384,100,0,0.696579,-0.015472,1,0.785949
28.3657,115.894,6441,100,0,0.805476,-0.073041,1,0.678391
28.4969,117.696,6421,100,0,1.07964,0.371315,1,0.591957
28.6316,118.934,6642,100,0,0.688641,-0.183154,1,0.549544
28.7631,120.257,6643,100,0,0.920198,0.0962413,1,0.531045
28.8974,121.724,6742,92.3283,0,0.986403,0.126662,2,0.4649
29.025,121.66,6296,0,0,0.920099,-0.119764,0,0.875396
29.1581,120.529,6216,0,0,0.858449,-0.227634,0,0.845351
29.2944,119.185,6175,0,0,1.03202,-0.0125649,0,0.901598
29.4112,117.986,6104,0,0,0.949823,-0.11324,0,0.883925
29.7914,115.869,6416,99.8283,0,1.06497,0.162596,1,0.601385
29.98,117.682,6534,89.5657,0,0.800846,-0.175274,1,0.580334
30.1163,118.652,6565,89.5657,0,1.01133,0.0932303,1,0.499786
30.2452,120.016,6593,91.1465,0,0.977122,-5.93392e-05,1,0.471133
30.3763,120.868,6716,91.5404,0,0.96715,-0.00952856,2,0.471751
30.5053,122.108,6758,92.7222,0,1.03275,0.124798,2,0.49638
30.6251,123.094,6828,94.697,0,0.904326,-0.056712,2,0.563955
30.7393,123.994,6880,96.6717,0,1.00763,0.0538116,2,0.58321
30.8665,125.041,6929,97.8535,0,1.03101,0.117171,2,0.608293
30.9931,126.363,7040,98.6414,0,0.999228,0.15484,2,0.629613
31.1131,127.798,7091,100,0,0.96681,0.111676,2,0.683724
31.2318,129.292,7144,98.2475,0,0.887754,0.00310276,2,0.743613
31.3634,130.928,7181,100,0,0.872076,0.0936662,2,0.76709
31.512,133.029,7283,100,0,0.859462,0.236995,2,0.784132
31.6932,135.481,7450,100,0,0.585155,0.0355772,2,0.857771
31.8724,138.17,7572,100,0,0.63398,0.0137325,2,0.903426
32.0108,140.298,7667,99.0354,0,0.873509,0.154854,2,0.915955
32.1464,141.66,7764,88.3838,0,0.946214,0.113612,2,0.904793
32.2775,142.769,7801,77.7323,0,0.871206,-0.0665411,2,0.910128
32.4056,143.831,7755,69.0505,0,1.08161,0.204245,2,0.820379
32.5419,144.497,7859,56.4242,0,0.872916,-0.115321,2,0.851352
32.6637,145.066,7793,52.8737,0,0.99988,0.0711772,2,0.76316
32.8089,145.711,7815,52.4798,0,1.01105,0.116801,2,0.750634
32.9466,146.282,7884,51.6869,0,0.973631,0.0243976,2,0.801284
33.071,146.793,7924,50.505,0,0.967626,-0.0183027,2,0.820337
33.1886,147.109,7914,46.8939,0,1.07273,0.0640835,2,0.758761
33.3103,147.174,7860,44.0859,0,1.08683,0.128794,2,0.703026
33.4308,147.116,7915,40.0808,0,0.974966,-0.0831602,2,0.769216
33.6067,146.973,7870,39.6768,0,0.978529,-0.0596567,2,0.747639
33.8676,146.77,7799,38.8788,0,1.13929,0.185162,2,0.607573
34.0833,146.446,7754,28.0556,0,0.788032,-0.290035,2,0.737312
34.251,145.664,7658,23.2475,0,0.967168,-0.0676799,2,0.4908
34.3967,144.942,7603,20.8434,0,1.00412,0.0163073,0,0.435653
34.5487,143.811,7546,20.8434,0,1.02269,0.0316912,0,0.47223
34.6949,142.895,7494,20.8434,0,0.951092,-0.0889644,0,0.431251
34.8509,141.838,7433,19.2374,0,1.06946,0.123471,0,0.587247
34.9827,141.244,7394,19.2374,0,0.848782,-0.158938,0,0.442935
35.1189,140.406,7361,19.2374,0,1.14784,0.25781,0,0.677071
35.2428,139.775,7320,19.2374,0,0.806883,-0.105665,0,0.500778
35.3753,139.197,7300,19.2374,0,0.713302,0.0559956,0,0.565651
35.621,138.79,7289,20.8434,0,-0.0692574,0.0218859,1,0.482426
35.8314,138.486,7287,21.2424,0,-0.526037,0.12486,1,0.709384
35.9658,138.29,7274,22.4444,0,-0.536476,0.038303,1,0.708917
36.0903,138.124,7270,22.8434,0,-0.507537,-0.0101329,1,0.689837
36.2081,137.968,7263,22.8434,0,-0.520163,0.00454617,1,0.702417
36.3265,137.803,7262,22.8434,0,-0.523073,0.0527042,1,0.713522
36.4501,137.686,7245,23.2475,0,-0.411867,-0.118602,1,0.637953
36.5754,137.584,7247,23.2475,0,-0.411778,0.0864741,1,0.674203
36.6965,137.513,7239,23.2475,0,-0.224437,0.0980889,1,0.584276
36.8168,137.499,7236,23.2475,0,0.0614556,-0.236623,1,0.43615
36.9492,137.473,7257,25.6515,0,0.30774,0.165058,0,0.481332
37.0783,137.521,7242,25.6515,0,0.269313,-0.0749354,1,0.353989
37.211,137.558,7257,27.2525,0,0.293129,0.093549,0,0.432637
37.3406,137.72,7267,28.0556,0,0.170532,-0.10621,1,0.402321
37.5614,137.96,7283,28.0556,0,0.133,0.0705775,1,0.423233
37.7485,138.213,7301,28.0556,0,0.0992554,-0.215083,2,0.420915
37.9059,138.443,7307,28.0556,0,0.144723,0.0714957,1,0.412491
38.053,138.613,7315,28.0556,0,0.124724,0.00581914,1,0.419869
38.2122,138.809,7328,28.0556,0,0.145707,0.0332509,1,0.408432
38.3766,139.003,7343,28.0556,0,0.110568,-0.195323,2,0.434454
38.5062,139.144,7350,28.0556,0,0.17277,0.194713,1,0.394855
38.6899,139.353,7358,28.0556,0,0.10885,-0.200923,2,0.449844
38.823,139.508,7370,28.0556,0,0.126467,-0.0750461,1,0.404341
38.9462,139.667,7372,28.0556,0,0.05895,0.109416,1,0.441195
39.0679,139.815,7372,28.0556,0,-0.0250156,0.0741435,1,0.475573
39.1997,139.997,7396,28.0556,0,-0.127664,-0.0569443,1,0.490619
39.3383,140.096,7360,16.8333,0,-0.192593,0.0750615,1,0.509572
39.504,139.157,7251,0,0,-0.1619,-0.1232,0,0.451749
39.7439,137.911,7206,0,0,-0.223039,0.12988,0,0.569055
39.9292,136.771,7135,0,0,-0.162788,-0.0496533,0,0.523534
40.0666,136.094,7101,0,0,-0.140858,-0.0809646,0,0.527517
40.199,135.331,7058,0,0,-0.118941,-0.00182435,0,0.593163
40.3261,134.65,7032,0,0,-0.0502822,0.0722053,0,0.667777
40.4515,134.033,6973,0,0,-0.00517316,-0.21749,0,0.538818
40.5849,134.787,7313,100,0,0.026463,0.00539835,2,0.812665
40.7111,136.422,7476,100,0,0.0370832,-0.158068,2,0.877309
40.8488,138.874,7546,100,0,0.0674422,-0.0157333,2,0.89054
40.9925,141.085,7650,100,0,0.0603827,0.0220056,2,0.910142
41.1138,142.632,7900,100,0,0.0345378,-0.303887,2,0.954336
41.2484,145.15,7834,100,0,0.00971088,0.147633,2,0.928903
41.3818,146.725,7999,100,0,-0.0103108,-0.201837,2,0.968232
41.6336,150.705,8159,100,0,-0.15313,0.0472948,2,0.966869
41.8472,153.98,8324,100,0,-0.185826,0.0636263,2,0.976327
41.9687,155.732,8400,100,0,-0.225715,0.193586,2,0.97482
42.0903,157.422,6564,100,0,-0.221113,0.37783,2,0.97458
42.2122,158.635,6635,100,0,-0.200491,0.197427,2,0.984439
42.3413,160.009,6682,100,0,-0.149454,0.271788,2,0.985245
42.479,161.671,6758,100,0,0.0228344,0.107727,2,0.991311
42.5884,162.813,6804,100,0,0.159243,0.253859,2,0.990803
42.7098,164.129,6861,100,0,0.148164,0.110063,2,0.993801
42.8205,165.223,6915,100,0.00141241,0.1401,0.104769,2,0.994584
42.9614,165.876,6747,2.80303,6.24189,0.0853493,0.130896,2,0.690174
43.092,161.944,6099,0,94.2853,0.0268849,0.111397,2,0.513536
43.2128,156.34,5658,0,100,0.0229243,0.00797382,0,0.530918
43.3417,149.8,5678,0,62.4547,0.0867362,0.112073,0,0.710612
43.5116,143.59,5567,0,62.4547,0.116944,-0.0288828,0,0.742084
43.7703,134.898,5450,0,20.2455,0.183613,0.0249185,0,0.822622
43.9268,132.4,5348,0,20.2455,0.0474921,0.048804,0,0.818228
44.0395,130.357,5265,0,20.2455,-0.00862616,-0.0280543,0,0.788072
44.154,128.732,7519,0,20.2455,-0.0642489,-0.0845253,0,0.523066
44.2761,127.351,6640,0,1.89397,-0.111499,0.0583669,0,0.706546
44.392,126.563,6626,15.2323,0.0495189,-0.135092,0.187796,0,0.548889
44.5082,126.365,6689,30.8586,0.00516095,-0.174247,-0.0664049,1,0.678758
44.6318,126.585,6755,42.0808,0.000243701,-0.226084,-0.0595112,1,0.766672
44.7643,127.394,6801,50.101,0,-0.302497,0.0649468,1,0.802779
44.8933,128.191,6891,51.2929,0,-0.324803,-0.0552017,1,0.767345
45.0371,129.334,6924,51.2929,0,-0.400871,0.0104028,1,0.784176
45.1628,130.03,6980,52.8737,0,-0.400437,-0.0557451,1,0.73636
45.292,130.868,7016,53.2677,0,-0.489769,0.11233,1,0.799396
45.4097,131.692,7046,54.0556,0,-0.411663,-0.0612973,1,0.683652
45.7342,134.01,7167,59.5808,0,-0.52834,0.0453374,1,0.657954
45.9264,135.26,7322,59.9747,0,-0.495869,-0.1062,1,0.496973
46.0403,136.08,7299,59.9747,0,-0.656593,0.191871,1,0.697824
46.1749,136.812,7230,28.8586,0,-0.577581,0.122631,1,0.755914
46.2946,136.071,7089,0,0,-0.483258,-0.043037,1,0.543535
46.427,134.921,7037,0,0.00779843,-0.533939,0.0294642,1,0.547442
46.5483,134.067,6988,0,0.037413,-0.59108,0.0167967,1,0.584807
46.6802,132.88,6941,0,0.0451444,-0.755035,0.20964,1,0.643812
46.7971,131.818,6868,0,0.0451444,-0.776545,0.060107,1,0.691032
46.9285,130.727,6792,0,0.0451444,-0.764253,-0.165008,1,0.726993
47.066,129.245,6735,0,0.0451444,-1.24983,0.309131,1,0.856757
47.1957,127.711,6611,0,0.0451444,-1.13163,0.10362,1,0.839708
47.306,126.092,6517,0,0.0451444,-1.13455,0.105812,1,0.839195
47.4611,123.924,6377,0,0.0451444,-1.11388,0.0599101,1,0.834648
47.6658,120.783,6156,0,29.8375,-1.20208,0.202701,1,0.847278
47.847,115.431,5362,0,65.1771,-0.787876,-0.0159561,1,0.691051
48.0059,111.516,5584,0,6.45676,-1.09902,0.135517,1,0.813039
48.1449,108.735,5413,0,34.5675,-0.988056,0.0129013,1,0.79023
48.2789,105.408,4957,0,70.9258,-0.862501,-0.0562035,1,0.753447
48.4113,101.208,4666,0,100,-0.924774,0.0443197,1,0.759752
48.5306,91.1044,4247,0,100,-3.95645,-0.759309,1,0.997977
48.6471,80.2464,4118,0,69.4567,0.427926,1.77878,0,0.945094
48.7761,77.9026,3980,0,0.580697,-0.35162,-0.147086,1,0.577843
48.9086,76.9342,3791,0,0,-0.141397,-0.886253,1,0.76146
49.0565,75.2516,3748,0,0,-1.10043,0.630598,1,0.767118
49.1968,73.7938,3630,0,0,-0.775267,-0.0298036,1,0.770401
49.3277,72.3583,3614,30.8586,0,-0.799929,-0.106112,1,0.937136
49.4618,71.1665,4836,90,0,-0.867933,-0.00709067,1,0.989444
49.6449,69.0127,8182,94.697,0,-0.788417,-0.117352,1,0.991155
49.8342,67.7454,4871,0,0,-0.86098,0.108806,1,0.784694
49.9809,65.6834,3949,0,0.387515,-0.729511,-0.149971,1,0.779546
50.1131,63.501,2920,0,100,-0.758886,-0.0417082,1,0.737795
50.2465,59.4456,1963,0,100,-0.797208,-0.154779,1,0.8133
50.3658,57.3562,1520,0,100,-0.67347,-0.277817,1,0.827304
50.505,53.7241,990,0,100,-0.895757,0.0667293,1,0.850464
50.6317,50.096,979,0,100,-0.815692,-0.0229645,1,0.833123
50.7521,46.2188,968,0,100,-0.768955,-0.0470449,1,0.811032
50.8774,42.8721,960,0,100,-0.76169,-0.0105773,1,0.786856
51.0137,39.3021,953,0,100,-0.729898,0.0186543,1,0.751032
51.1397,35.1635,946,0,100,-0.63807,0.012769,1,0.686739
51.2793,31.5609,940,30.4596,100,-0.545462,-0.0436587,1,0.927643
51.4122,27.6104,2186,80.4899,100,-0.500174,-0.00274819,1,0.989966
51.7136,18.6645,8636,100,100,-0.51276,-0.00381055,1,0.993189
51.9025,13.8775,7900,100,10.7878,-0.206298,-0.000181955,1,0.988882
52.035,9.94633,7690,100,0.0181468,-0.128064,0.00101777,1,0.987133
52.1651,6.00978,8568,100,0,-0.121957,-0.01253,1,0.988413
52.2942,3.5746,8786,100,0,-0.115965,0.00355448,1,0.988534
52.4321,2.82366,8786,100,0,0.040707,-0.0135313,1,0.985915
52.5633,4.05587,8671,100,0,0.117033,0.0265653,1,0.983783
52.6946,6.18968,8708,100,0,0.133666,-0.00472132,1,0.983575
52.8305,8.45144,8642,100,0,0.129314,0.000938055,1,0.983314
52.9655,10.6351,8425,100,0,0.167138,0.000409795,1,0.981852
53.101,13.0546,8318,100,0,0.213237,-0.0158798,1,0.980321
53.2236,15.2364,8055,100,0,0.259576,0.00411381,1,0.978054
53.3469,17.285,8573,100,0,0.297684,0.00377777,1,0.977799
53.5199,20.0381,8036,100,0,0.346655,-0.0139526,1,0.974795
53.714,23.0226,8466,47.6919,0,0.421604,-0.00233306,1,0.756117
53.8682,24.0128,5928,0,83.6178,0.562412,-0.0104068,0,0.726039
54.0044,22.6347,2936,0,100,0.661322,-0.0246204,0,0.781203
54.1343,20.356,1767,0,100,0.733773,-0.0155348,0,0.792297
54.2648,16.4818,1008,0,100,0.576319,-0.024569,0,0.731219
54.4036,13.3252,993,0,100,0.531874,-0.163135,0,0.706564
54.5275,10.5668,982,0,100,0.69545,0.0759113,0,0.771844
54.6642,7.43113,1073,29.2576,100,0.6825,-0.0177409,0,0.610311
54.7897,4.08103,1263,100,80.2922,0.654081,0.00118064,1,0.985033
54.906,2.74517,1837,100,11.4652,0.11729,0.0877228,1,0.984988
55.0372,3.92683,2392,100,5.28957e-05,0.100885,0.0276607,1,0.979842
55.1501,5.53108,3603,100,0,0.0437231,-0.0301764,1,0.971139
55.2738,7.28912,4894,100,0,0.0501257,0.0195722,1,0.969212
55.4004,8.89263,6518,100,0,0.0394572,-0.00801359,1,0.978565
55.546,11.3899,9029,100,0,0.00047813,0.0098481,1,0.986004
55.8556,15.7598,5725,54.4495,0,0.113129,-0.00912372,1,0.836612
56.1532,19.7188,8595,100,0,0.101209,-0.048264,1,0.982994
56.3522,22.3974,7968,16.8333,0,0.21958,0.0178008,1,0.539537
56.4857,23.513,6089,0,0,0.209733,0.00636842,0,0.652903
56.614,25.0027,7235,100,0,0.105091,-0.00650214,1,0.979869
56.7411,27.4453,8549,100,0,-0.107729,-0.22228,1,0.987747
56.8603,29.497,7885,0,0,-0.132979,-0.0191646,1,0.578356
56.9797,32.0563,5278,97.8535,0,-0.206943,0.0386682,1,0.979287
57.1088,33.9703,4084,76.5455,0,-0.624584,0.00255734,1,0.978153
57.2245,33.7517,3827,0,0,-0.732726,-0.0278931,1,0.736131
57.3387,33.9878,4035,100,0,-0.609024,0.0239199,1,0.990803
57.4625,35.8027,4244,81.2828,0,-0.377611,0.00585835,1,0.971781
57.659,37.0501,4684,95.0909,0,-0.0150185,0.0109548,1,0.967774
57.8439,41.4218,4956,100,0,-0.166465,0.00341707,1,0.98035
58.0531,45.8621,5383,100,0,-0.414801,-0.00953941,1,0.986909
58.2603,48.8371,6093,100,0,-0.494409,-0.0347592,1,0.988966
58.4174,51.666,6181,100,0,-0.590351,0.00750317,1,0.990155
58.5473,53.3191,6106,5.61111,0,-0.705844,-0.0128275,1,0.813473
58.6631,52.7793,5944,0,0,-0.634895,-0.0254288,1,0.743851
58.7774,52.1417,5880,0,0,-0.589828,-0.147691,1,0.744367
58.8968,51.9773,6243,97.8535,0,-0.670125,0.0608081,1,0.99016
59.0328,54.1227,6423,100,0,-0.694682,0.0193244,1,0.991387
59.1664,56.0019,6763,100,0,-0.694047,-0.0590028,1,0.991861
59.2953,58.2527,6976,100,0,-0.522345,-0.0709561,1,0.989924
59.6564,66.2627,8172,100,0,-0.120261,0.0261504,1,0.981987
59.8331,71.1287,8730,100,0,0.0542756,-0.0545001,1,0.977174
59.9626,73.4262,8375,100,0,0.186286,-0.00203092,1,0.969976
60.094,74.4771,7212,100,0,0.152283,-0.0163131,1,0.970598
60.2046,76.9677,6008,100,0,0.135718,-0.0643207,1,0.969441
60.3267,80.1227,6138,100,0,0.165082,0.0720507,1,0.965905
60.4445,82.6579,6473,100,0,0.0933372,-0.0635962,1,0.968182
60.581,86.0524,6633,100,0,0.127355,0.0581895,1,0.963761
60.7136,89.0122,6906,100,0,0.106801,-0.00869764,1,0.96053
60.8482,92.4379,7188,100,0,0.0941326,-0.0523842,1,0.953568
60.9848,96.1618,7514,100,0,0.0649002,-0.0657844,1,0.943327
61.1161,98.8102,7639,100,0,0.0214603,0.00727827,1,0.937274
61.2228,101.791,7873,100,0,-0.101337,0.0216037,1,0.929222
61.4528,107.137,8235,100,0,-0.410571,-0.0537132,1,0.898622
61.6796,110.704,6039,100,0,-0.786059,0.14342,1,0.953224
61.8859,111.556,6016,59.5808,0,-0.593708,0.00994928,1,0.924031
62.0678,114.506,6283,100,0,-0.320015,-0.0359315,1,0.888637
62.2021,116.841,6359,100,0,-0.218396,-0.0201119,1,0.843916
62.3347,119.029,6509,100,0,-0.15793,0.0467296,1,0.795978
62.4653,121.595,6595,100,0,-0.122914,0.0233329,1,0.700601
62.6026,124.348,6798,100,0,-0.102148,-0.033452,1,0.542155
62.7291,126.35,6856,100,0,-0.108432,0.0119869,2,0.515179
62.8569,128.562,7008,100,0,-0.119816,0.152135,2,0.530388
62.9868,130.779,7096,100,0,-0.127813,-0.054548,2,0.72855
63.116,133.269,7261,100,0,-0.0745549,0.081288,2,0.760684
63.252,135.5,7348,100,0,-0.0326812,0.0249199,2,0.841803
63.3795,137.972,7471,100,0,0.0824838,0.0712724,2,0.879486
63.6477,142.431,7731,100,0,0.180382,-0.0127366,2,0.943202
63.8586,146.282,7923,100,0,0.238504,0.163316,2,0.95223
63.9852,148.046,8047,100,0,0.18152,-0.00410261,2,0.970434
64.1219,150.128,6312,89.9596,0,0.210416,0.114594,2,0.961376
64.2412,150.549,6127,11.6212,0,0.19288,-0.019226,0,0.487138
64.3711,151.3,6327,100,0,0.133897,0.297076,2,0.966648
64.505,153.306,6455,100,0,0.065126,-0.105696,2,0.984858
64.6382,154.733,6459,100,0,0.0907593,0.214311,2,0.979654
64.7687,156.69,6566,100,0,0.0772104,0.159537,2,0.98522
64.8989,158.108,6600,100,0,0.0303077,0.193843,2,0.986457
65.0268,159.797,6694,100,0,-0.0399312,-0.0310102,2,0.991688
65.1627,161.309,6721,100,0,-0.108972,0.407192,2,0.985674
65.277,162.808,6788,100,0,-0.144848,0.234002,2,0.990814
65.4145,164.217,6861,100,0,-0.180283,0.199745,2,0.992364
65.7316,167.738,6993,100,0,-0.558739,0.185244,2,0.993504
65.91,169.476,7108,100,0,-0.739899,0.0764888,2,0.994767
66.0637,170.989,7189,100,0,-0.79059,0.0979234,2,0.995264
66.1911,171.974,7275,100,0,-0.562839,-0.230101,2,0.997239
66.3103,173.136,7308,100,0,-0.474459,-0.0344373,2,0.997353
66.428,174.342,7263,100,0,-0.0582771,0.182891,2,0.997825
66.5399,175.404,7469,100,0,0.603415,-0.273649,2,0.999235
66.6717,176.317,7487,100,0,0.914904,-0.0584635,2,0.99928
66.7868,176.91,7561,100,0,0.819521,-0.174067,2,0.999402
66.9069,177.026,7629,100,0,0.921209,-0.102586,2,0.999383
67.0423,177.077,7606,100,0,0.931919,-0.0761967,2,0.999363
67.1553,176.874,7556,88.7778,0,0.843143,-0.182482,2,0.999099
67.2863,176.285,6982,0,0,0.935184,-0.147381,2,0.902387
67.4077,174.247,6384,0,100,0.955444,0.0738164,2,0.77067
67.6533,166.571,5808,0,100,0.707986,-0.0995211,2,0.639994
67.8318,160.876,5667,0,100,0.573525,-0.127594,2,0.529778
67.99,156.196,5622,0,100,0.352399,-0.0170307,0,0.535965
68.1123,153.53,5464,0,100,0.134833,-0.0801149,0,0.54275
68.2168,149.772,6492,90,100,-0.332054,0.486287,2,0.885261
68.346,147.795,7373,0,100,-0.0399879,-0.739648,2,0.745795
68.4777,144.689,5932,0,100,-0.606067,1.016,0,0.77728
68.5916,141.785,8432,0,100,-0.34768,-0.157364,1,0.609706
68.7101,140.58,7342,0,100,-0.148786,-0.513888,1,0.418472
68.8228,137.274,6864,0,100,-0.538691,0.891454,0,0.683987
68.9523,134.714,7977,81.2828,100,-0.306148,-0.218197,2,0.768562
69.0796,132.775,8876,100,2.34639,-0.526407,0.0251713,2,0.709665
69.2113,131.72,8916,100,2.44363e-05,-0.252913,-0.338503,2,0.839342
69.3353,130.782,8778,100,0,-0.604686,0.717956,1,0.773857
69.6151,128.491,9032,100,0,0.290742,0.409305,2,0.517086
69.836,125.273,8894,100,0,0.299062,-0.779168,2,0.899817
69.9726,124.243,8923,100,0,0.764593,0.603608,1,0.622728
70.1047,121.942,8450,100,0,1.01103,0.181749,2,0.549002
70.2345,119.556,7866,100,0,0.888808,-0.0446214,2,0.611409
70.3675,117.424,7214,100,0,0.94304,0.0657018,2,0.487359
70.4957,114.526,6508,100,0,0.989933,0.119173,1,0.58103
70.6309,111.31,5664,100,0,0.791455,-0.141695,1,0.770711
70.761,108.046,5183,100,0,0.849899,-0.0443962,1,0.837297
70.8983,104.138,4265,100,0,0.7989,-0.0602279,1,0.905179
71.0346,101.204,3642,100,0,0.840228,0.0146719,1,0.928247
71.1709,84.4779,3870,100,0,1.70797,1.45506,0,0.540955
71.2916,80.8172,5376,100,0,0.977241,0.390926,1,0.815823
71.4151,80.1744,7520,100,0,-0.12167,-1.20652,1,0.915565
71.6764,69.9083,7572,100,0,-0.134151,-0.556945,1,0.978728
71.9091,65.4194,4455,100,0,-0.484263,-0.376476,1,0.990129
72.0496,63.8619,4017,100,0,-0.509102,-0.405367,1,0.991907
72.1998,59.9487,4260,100,0,-1.02711,0.300075,1,0.991075
72.3363,56.6411,3925,100,0,-0.769715,-0.129624,1,0.99374
72.4625,49.2511,3339,100,0,-0.510309,-0.00456809,1,0.992219
72.5944,46.4453,3461,49.298,0.518872,-0.638602,-0.236073,1,0.954957
72.7121,42.8283,1930,0,68.012,-0.877508,0.233324,1,0.673408
72.8312,38.895,1009,0,100,-0.688503,-0.14127,1,0.740205
72.9698,34.2546,990,0,100,-0.627767,0.0042406,1,0.636797
73.0947,30.2041,979,0,100,-0.506289,0.019236,1,0.553294
73.2208,26.2122,969,0,100,-0.388277,-0.00911862,0,0.514332
73.3373,22.9141,962,0,100,-0.411453,-0.00979306,0,0.513756
73.4902,18.9009,953,0,100,-0.232717,-0.00313713,0,0.622686
73.6787,13.0906,943,0,73.9386,0.543239,0.0256484,0,0.750138
73.9133,7.81241,934,0,45.8114,0.21205,0.00635957,0,0.748893
74.0563,4.95059,930,0,21.9363,0.210319,0.00603112,0,0.757647
74.1882,3.21962,926,0,14.0958,0.098885,1.73313e-05,0,0.75208
74.3092,2.3773,922,0,7.87696,0.0215038,0.0232933,0,0.7457
74.435,1.66445,920,0,6.03277,0.0106542,0.00989675,0,0.741887
74.5683,1.0956,917,0,2.5507,-0.0231893,-0.00989181,0,0.73011
74.7021,0.634694,915,0,1.31627,-0.00447439,0.00233024,0,0.73853
74.9647,0.0859807,911,0,0.0495189,0.00050163,0.000437108,0,0.740291
75.137,0.146306,909,0,0,-0.00089767,0.000304035,0,0.739977
75.3028,0.00362624,908,0,0,-0,0,0,0.740497
75.6528,0.00442147,905,0,0,-0,0,0,0.740813
